{
    "+tweakers": [
        "net.minecraftforge.fml.common.launcher.FMLTweaker"
    ],
	"+jvmArgs": [
        "--illegal-access=warn",
        "-Djava.security.manager=allow",
        "-Dfile.encoding=UTF-8",
        "--add-opens", "java.base/jdk.internal.loader=ALL-UNNAMED",
        "--add-opens", "java.base/java.net=ALL-UNNAMED",
        "--add-opens", "java.base/java.nio=ALL-UNNAMED",
        "--add-opens", "java.base/java.io=ALL-UNNAMED",
        "--add-opens", "java.base/java.lang=ALL-UNNAMED",
        "--add-opens", "java.base/java.lang.reflect=ALL-UNNAMED",
        "--add-opens", "java.base/java.text=ALL-UNNAMED",
        "--add-opens", "java.base/java.util=ALL-UNNAMED",
        "--add-opens", "java.base/jdk.internal.reflect=ALL-UNNAMED",
        "--add-opens", "java.base/sun.nio.ch=ALL-UNNAMED",
        "--add-opens", "java.desktop/sun.awt.image=ALL-UNNAMED",
        "--add-modules", "jdk.dynalink",
        "--add-opens", "jdk.dynalink/jdk.dynalink.beans=ALL-UNNAMED",
        "--add-modules", "java.sql.rowset",
        "--add-opens", "java.sql.rowset/javax.sql.rowset.serial=ALL-UNNAMED",
		"--add-opens", "java.base/jdk.internal.misc=ALL-UNNAMED",
		"--add-opens", "java.base/jdk.lang=ALL-UNNAMED"
    ],
    "formatVersion": 1,
    "libraries": [],
    "mainClass": "com.cleanroommc.bouncepad.Bouncepad",
    "name": "Cleanroom",
    "releaseTime": "2021-12-13T04:40:03+00:00",
    "requires": [
        {
            "equals": "1.12.2",
            "uid": "net.minecraft"
        }
    ],
    "uid": "com.cleanroommc",
    "version": "0"
}
